{
    "Temperature": 21.314018407658093,
    "Humidity": 39.26377445821174,
    "Wind_Speed": 5.5879275995399444,
    "Precipitation": 0.0002916666666666675,
    "Condition": "Sunny"
}